{"cameraMode":{"drawMode":0,"name":"Shaded","section":"Shading Mode"},"sceneLighting":false,"audioPlay":false,"sceneViewState":{"m_AlwaysRefresh":false,"showFog":false,"showSkybox":false,"showFlares":false,"showImageEffects":false,"showParticleSystems":false,"showVisualEffectGraphs":true,"m_FxEnabled":true},"in2DMode":false,"pivot":{"x":-0.00021016597747802734,"y":1.0392706394195557,"z":-0.014855027198791504},"rotation":{"x":-0.022437527775764467,"y":0.9717366099357605,"z":-0.2110835462808609,"w":-0.10329336673021317},"size":1.3584834337234498,"orthographic":false}