{"cameraMode":{"drawMode":0,"name":"Shaded","section":"Shading Mode"},"sceneLighting":false,"audioPlay":false,"sceneViewState":{"m_AlwaysRefresh":false,"showFog":false,"showSkybox":false,"showFlares":false,"showImageEffects":false,"showParticleSystems":false,"showVisualEffectGraphs":true,"m_FxEnabled":true},"in2DMode":false,"pivot":{"x":5.960464477539063e-8,"y":0.8423446416854858,"z":0.02763304114341736},"rotation":{"x":0.020522581413388253,"y":0.9793370962142944,"z":-0.15041716396808625,"w":0.13361813127994538},"size":1.1239686012268067,"orthographic":false}