{"cameraMode":{"drawMode":0,"name":"Shaded","section":"Shading Mode"},"sceneLighting":false,"audioPlay":false,"sceneViewState":{"m_AlwaysRefresh":false,"showFog":false,"showSkybox":false,"showFlares":false,"showImageEffects":false,"showParticleSystems":false,"showVisualEffectGraphs":true,"m_FxEnabled":true},"in2DMode":false,"pivot":{"x":0.13027240335941316,"y":0.9636328816413879,"z":-1.3675813674926758},"rotation":{"x":0.003185635432600975,"y":0.9952595233917236,"z":-0.09071893244981766,"w":0.03494802489876747},"size":1.9818403720855713,"orthographic":false}